Library,Issue Link,Issue Name,Description,root cause ,root cause- sub category,symptoms,Fix,Fixing Sub-Category
CUDF,https://github.com/rapidsai/cudf/issues/9906,[BUG] Merge requires excessive memory#9906,memory allocation error due to random data size ncreases ,memory issue ,out of memory issue ,error message ,fix memory ,change memory sizes
,https://github.com/rapidsai/cudf/issues/9719,[BUG]dask_cudf: read_csv seems to compute only first partition #9719,usecols bug,correctness issue ,implementation issue ,wrong results ,alter the program ,Refactor API logic implementation
,https://github.com/rapidsai/cudf/issues/9703,[BUG] cudaErrorIllegalAddress while computing ranking... #9703,,memory issue ,out of memory error ,error message,fix memory ,change memory sizes
,https://github.com/rapidsai/cudf/issues/9648,[BUG] Different results from cudf.Series.equals #9648,.equals produce different results ,correctness issue ,implementation issue ,wrong results with panda,alter the program ,Refactor API logic implementation
,https://github.com/rapidsai/cudf/issues/9463,[BUG] Regex: behavior of empty groups differs from Python #9463,cudf different behavior from python in regex,correctness isssue ,implementation issue ,wrong results ,alter the program ,Refactor API logic implementation
,https://github.com/rapidsai/cudf/issues/9434,[BUG] String match returns incorrect result in some cases #9434,unescaped regex characters in the pattern that may be confusing the code,correctness isssue ,implementation issue ,wrong results with python ,alter the program ,Refactor API logic implementation
,https://github.com/rapidsai/cudf/issues/9387,[BUG] Dask cuDF csv reader can incorrectly read rows when usecols is passed #9387,usecols bug,correctness issue ,implementation issue,wrong results ,alter the program ,Refactor API logic implementation
,https://github.com/rapidsai/cudf/issues/9267,[BUG] Memory Alignment issue using cuDF views with cuML's Linear Reg #9267,,memory issue ,memory allocation issue,error message,fix the memory ,Fix allocated memory 
,https://github.com/rapidsai/cudf/issues/9157,[BUG] sort_values sometimes fails for dask-cudf DataFrames with nulls #9157,sort_values on a dask-cudf DataFrame with nulls ,correctness issue ,implementation issue ,value error ,alter the program ,Refactor API logic implementation
,https://github.com/rapidsai/cudf/issues/8730,[BUG] cuDF significantly slows down cuPy #8730,slows down cuPy operations,memory issue ,memory allocation issue,slow performance ,fix memory issue,Fix allocated memory 
,https://github.com/rapidsai/cudf/issues/8712,[BUG] creating 4GB in size of a dask_cudf dataframe fails with 4 columns #8712,fail in creating df,memory issue ,out of memory,exception,fix memory issue,change memory sizes
,https://github.com/rapidsai/cudf/issues/8295,[BUG] Scalability of dask_cudf.read_csv. #8295,,memory issue ,allocation issue ,slow performance ,fix memory ,Fix allocated memory 
,https://github.com/rapidsai/cudf/issues/8034,[BUG] Cannot serialize a DecimalDtype column #8034,can't currently serialize a Decimal64Dtype column,correctness issue ,implementation issue ,error message,alter the program ,Refactor API logic implementation
,https://github.com/rapidsai/cudf/issues/8014,[BUG] Problems appending/concatting with empty dask_cudf dataframe #8014,"When trying to append one dataframe to an empty dataframe, the function fails",correctness issue ,implementation issue ,error message ,alter the program ,Refactor API logic implementation
,https://github.com/rapidsai/cudf/issues/7840,[BUG] Groupby collect_set / unique fails with Dask #7840,groupby.unique fails ,correctness issue ,implementation issue ,error message ,alter the program ,Refactor API logic implementation
,https://github.com/rapidsai/cudf/issues/7812,[BUG] Groupby collect list fails with Dask #7812,"Dask's collect list goes a codepath that requires iterating through the object, which we explicitly don't permit",correctness issue ,implementation issue ,error message ,alter the program ,Refactor API logic implementation
,https://github.com/rapidsai/cudf/issues/7600,[BUG] Pinned memory allocation within Parquet reader can be very slow #7600,pinned memory is slow ,memory issue ,memory allocation issue,bad performance ,fix memory ,Fix allocated memory 
,https://github.com/rapidsai/cudf/issues/7588,[BUG] Unexpected OOM writing a DataFrame w/ strings to ORC files #7588,oom due to incorrect stream allocation ,memory issue ,out of memory issue ,error ,fix memory ,change memory sizes
,https://github.com/rapidsai/cudf/issues/7559,[BUG] cudf.read_parquet row_group argument does not seem to work #7559,row_group leads memory issue ,memory issue ,out of memory issue ,error ,fix the memory ,change memory sizes
,https://github.com/rapidsai/cudf/issues/7539,[BUG] conda env libthrift version mismatch #7539,version mismatch with cudf and libthrift,environmental issue ,version issue ,error ,change environment ,upgrade version 
,https://github.com/rapidsai/cudf/issues/7536,[BUG] Series comparison methods have to re-index for when the index's are not equal #7536,"not re-indexing if the index of both of the series objects are not equal. Series.eq operation,",correctness issue ,implementation issue ,wrong results ,alter the program ,Refactor API logic implementation
,https://github.com/rapidsai/cudf/issues/7514,[BUG] contiguous_split can crash when an output partition exceeds 2GB #7514,illegal memory access where 64bit needed and only 32 allocated ,memory issue ,memory allocation issue,crash ,fix memory ,Fix allocated memory 
,https://github.com/rapidsai/cudf/issues/7446,[BUG] Unable to assign null/nan in categorical column #7446,null and nan cannot be inserted in the columns in cudf ,correctness issue ,api misuse issue ,error dtype,alter the program ,Fix API parameters 
,https://github.com/rapidsai/cudf/issues/7400,[BUG] pandas is_categorical_dtype returns False for categorical Series #7400,pd.api.types.is_categorical_dtype returns False when passed a cuDF Series of categorical dtype,correctness issue ,implementation issue ,wrong values ,alter the program ,Refactor API logic implementation
,https://github.com/rapidsai/cudf/issues/7383,[BUG] where needs to handle Series inputs aswell #7383,cond and other parameters of where can be DataFrame,correctness issue ,implementation issue ,wrong values ,alter the program ,Refactor API logic implementation
,https://github.com/rapidsai/cudf/issues/7356,[BUG] RuntimeError when there is an empty dataframe written to orc file #7356,"When there is an empty data frame being written to the orc file, reading it back raises an error",correctness issue ,implemenration issue,wrong values ,alter the program ,Refactor API logic implementation
,https://github.com/rapidsai/cudf/issues/7355,[BUG] Datetime data is being written incorrectly by orc writer #7355,"For a certain range of values, the DateTime/timestamp data is not being written correctly into orc file",correctness issue ,incorrect API function use ,wrong values ,alter the program ,Fix API parameters 
,https://github.com/rapidsai/cudf/issues/7345,[BUG] Data Corruption while reading a boolean column using orc reader #7345,only boolean column data is being corrupted.,memory issue ,Memory Allocation Issues,wrong values ,fix memory,Fix allocated memory 
,https://github.com/rapidsai/cudf/issues/7337,[BUG] __setitem__ of DataFrame is not accounting for a cupy array #7337,"try to do __setitem__ on a Dataframe with a numpy array it is being handled well, but not in the case of a cupy array.",correctness issue ,unhandled implementation _setitem_,wrong values ,alter the program ,Refactor API logic implementation
,https://github.com/rapidsai/cudf/issues/7293,[BUG] replace fails with RuntimeError when to_replace is None. #7293,Using replace API we can currently replace any value of a column with <NA> but not vice-versa.,correctness issue ,implementation issue ,error ,alter the program ,Refactor API logic implementation
,https://github.com/rapidsai/cudf/issues/7290,[BUG] Series.__setitem__ to a new index label raises exception #7290,"When assigning a value to a new row label in a scalar, an exception is thrown.",correctness issue ,unhandled implementation _setitem_,error ,alter the program ,Refactor API logic implementation
,https://github.com/rapidsai/cudf/issues/7246,[BUG] iloc not working properly #7246,specific uses of iloc on a cudf dataframe do not return the correct result,correctness issue ,implementation issue ,wrong values ,alter the program ,Refactor API logic implementation
,https://github.com/rapidsai/cudf/issues/7205,[BUG] Dask_cudf.from_cudf linearly increases memory based on the number of dask partitions #7205,dask_cudf.from_cudf appears to linearly increase GPU memory ,memory issue ,memory allocation issue,bad performance ,fix the memory ,Fix allocated memory 
,https://github.com/rapidsai/cudf/issues/7197,[BUG] RuntimeError while writing a large column to parquet #7197,memory expansion ,memory issue ,out of memory issue ,error ,fix the memory ,change memory sizes
,https://github.com/rapidsai/cudf/issues/7148,[BUG] from_arrow fails when there is a struct column in pyarrow table #7148,"pyarrow table with struct array column, cudf is not able to convert the table to a cudf DataFrame. From_arrow",correctness issue ,implementation issue ,error message ,alter the program ,Refactor API logic implementation
,https://github.com/rapidsai/cudf/issues/7114,[BUG] really slow GPU parsing of parquet file #7114,"parquet file that is very slow to unsnap on the GPU, but is very fast on the CPU.",environmental issue ,version issue ,bad performance ,change environment ,upgrade version 
,https://github.com/rapidsai/cudf/issues/7101,XGBoost GPU error on WSL2 (using tree_method = 'gpu_hist') #7101,tree method of gpu_hist causes error ,environmental issue ,driver issue ,error message ,change environment ,update drivers 
,https://github.com/rapidsai/cudf/issues/7079,[BUG] Failing to initialise when using celery worker #7079,rapids.ai throws a cudaErrorInitializationError when used in a celery worker,environmental issue ,environmental variable issue ,error message ,change environment ,set envionmental variable 
,https://github.com/rapidsai/cudf/issues/7074,"[BUG] to_parquet using ""cudf"" engine fails #7074","Calling cudf.io.parquet.to_parquet(), which uses the default engine ""cudf"" fails. The ""pyarrow"" engine works fine. different version of cudf, libcudf, librmm, rmm, etc. might be installed.",environmental issue ,version mismatch issue ,crash ,change environment ,update correct versions
,https://github.com/rapidsai/cudf/issues/7057,[BUG] Index.rename improperly exposed to MultiIndex #7057,"Index.rename is accessible within MultiIndex class, however its behavior is ill-defined",correctness issue ,implementation issue ,crash ,alter the program ,Refactor API logic implementation
,https://github.com/rapidsai/cudf/issues/7043,[BUG] Equality operation with cudf.NA fails with an error #7043,An equality comparison with cudf.NA is resulting in broadcast error. While comparison with None & np.nan don't throw any errors.,correctness issue ,implmentation issue ,error ,alter the program ,Refactor API logic implementation
,https://github.com/rapidsai/cudf/issues/7025,[BUG] unable to load a pickled dataframe from 0.16 into cudf 0.17+ #7025,A dataframe with RangeIndex & a also a string column when pickled into a file in 0.16 cannot be deserialized in 0.17 and above versions of cudf,environmental issue ,version issue ,error ,change environment ,update version
,https://github.com/rapidsai/cudf/issues/7007,[BUG] np.nan not being replaced by fillna in float columns #7007,fillna seems to be replacing all null values but not the locations in the column where there are np.nan values.,correctness issue ,implmentation issue ,wrong values ,alter the program ,Refactor API logic implementation
,https://github.com/rapidsai/cudf/issues/6936,[BUG] Fix MultiIndex representation #6936,The current representation(__repr__) of MultiIndex objects is not quite easy to read and parse through. We should basically be performing a similar representation of pd.MultiIndex,correctness issue ,implmentation issue ,wrong values ,alter the program ,Refactor API logic implementation
,https://github.com/rapidsai/cudf/issues/6882,[BUG] DataFrame.sample gives incorrect results when sampling with replacement when axis=1 #6882,"When replacement=True, axis=1, and n is greater than the number of columns, cudf.DataFrame.sample returns a dataframe with fewer than n samples.",correctness issue ,implmentation issue ,wrong values ,alter the program ,Refactor API logic implementation
,https://github.com/rapidsai/cudf/issues/6872,[BUG] cudf concat / append must not materialize contiguous rangeIndex objects #6872,While we try appending/concatenating multiple RangeIndex objects if they are contiguous we should not be materializing RangeIndex objects.,correctness issue ,implmentation issue ,wrong values ,alter the program ,Refactor API logic implementation
,https://github.com/rapidsai/cudf/issues/6821,[BUG] columns parameter is being ignored in specific cases in DataFrame constructor #6821,The columns parameter is not being considered for few specific types of data inputs.,correctness issue ,implmentation issue ,wrong values ,alter the program ,Refactor API logic implementation
,https://github.com/rapidsai/cudf/issues/6785,[BUG] /opt/conda/envs/rapids/conda-bld/xgboost_1603491651651/work/src/c_api/../data/../common/device_helpers.cuh:400: Memory allocation error on worker 0: std::bad_alloc: CUDA error at: ../include/rmm/mr/device/cuda_memory_resource.hpp:68: cudaErrorMemoryAllocation out of memory#6785,,memory issue ,out of memory issue  ,error ,fix memory ,change memory sizes
,https://github.com/rapidsai/cudf/issues/6773,[BUG] MemoryError: std::bad_alloc: CUDA error at: ../include/rmm/mr/device/cuda_memory_resource.hpp:68: cudaErrorMemoryAllocation out of memory #6773,,memory issue ,out of memory issue ,error ,fix memory ,change memory sizes
,https://github.com/rapidsai/cudf/issues/6745,[BUG]cudf.DataFrame().apply() function raise 'cannot concatenate data' issue #6745,cudf.DataFrame().apply() cannot produce result,correctness issue ,implmentation issue ,wrong values ,alter the program ,Refactor API logic implementation
,https://github.com/rapidsai/cudf/issues/6725,[BUG] original error: libcuda.so.1: cannot open shared object file: No such file or directory #6725,,environmental issue ,version issue ,error messages ,change environment ,update version
,https://github.com/rapidsai/cudf/issues/6719,[BUG] csv reader is returning incorrect timestamps when integers are provided #6719,cudf.read_csv issue ,correctness issue ,implementation issue ,wrong results ,alter the program ,Refactor API logic implementation
,https://github.com/rapidsai/cudf/issues/6718,[BUG] Serialization not supported for ListColumn #6718,Serialization is not currently supported for columns of ListDtype,correctness issue ,implementation issue ,wrong results ,alter the program ,Refactor API logic implementation
,https://github.com/rapidsai/cudf/issues/6716,[BUG] JIT_CACHE_MULTIPROC is flaky on slow hard drives #6716,,memory issue ,allocation issue ,bad performance ,fix memory ,change memory sizes
,https://github.com/rapidsai/cudf/issues/6707,[BUG] cudf.from_pandas allows dataframe creation when pandas dataframe has duplicate columns #6707,"Pandas allows having duplicate column names, but cudf doesn't",correctness issue ,implementation issue ,wrong results ,alter the program ,Refactor API logic implementation
,https://github.com/rapidsai/cudf/issues/6700,[BUG] detail::get_value potentially returns corrupt data. #6700,doesn't do a cudaStreamSynchronize() ,synchronization/concurrency issue ,synchronization/concurrency issue ,wrong values ,alter the program ,Fix synchronization/concurrent barriers
,https://github.com/rapidsai/cudf/issues/6699,[BUG] datetime column being written without any delimiters when sep='-' #6699,"writing to csv we seem to be missing the datetime delimiters and also missing the double quotes in between """"",correctness issue ,implementation issue ,wrong results ,alter the program ,Refactor API logic implementation
,https://github.com/rapidsai/cudf/issues/6682,[BUG] csv reader - empty fields treated as null even with na_filter=False #6682,na_filter which will decide whether there should be any nulls in the dataframe or not while reading a csv file content. This parameter seems to be non-functioning.,correctness issue ,implementation issue ,wrong results ,alter the program ,Refactor API logic implementation
,https://github.com/rapidsai/cudf/issues/6680,[BUG] csv reader parameters keep_default_na and na_values not having the correct behaviour when used in combination #6680,"cudf.read_csv supports two parameters, keep_default_na and na_values. When these two parameters are used in combination they are expected to show a certain behavior in selecting/determining what is/are null values",correctness issue ,implementation issue ,wrong results ,alter the program ,Refactor API logic implementation
,https://github.com/rapidsai/cudf/issues/6678,[BUG] <NA> should be added to the list of na_values in csv reader #6678,haven't added it to our list of default na_values,correctness issue ,implementation issue ,wrong results ,alter the program ,Refactor API logic implementation
,https://github.com/rapidsai/cudf/issues/6664,[BUG] Index name of the caller is being modified in to_csv #6664,Calling to_csv is modifying the callers index name,correctness issue ,implementation issue ,wrong results ,alter the program ,Refactor API logic implementation
,https://github.com/rapidsai/cudf/issues/6663,[BUG] Duplicate column name error when column name is empty while writing to a csv #6663,When a dataframe has an empty string as a column name we error while writing to a csv file.,correctness issue ,implementation issue ,error message ,alter the program ,Refactor API logic implementation
,https://github.com/rapidsai/cudf/issues/6586,[BUG] RuntimeError when datetime types are given in dtype param to cudf.read_json #6586,"When a datetime type is provided it seems to be giving a RunTimeError, but duration types seem to be functioning correctly.cudf.read_json",environmental issue ,version issue ,error message ,upgrade the version ,change version
,https://github.com/rapidsai/cudf/issues/6569,[BUG]cudf.read_csv doesn't extract all records from file #6569,,correctness issue ,incorrect API use ,error message ,alter the program ,Fix API parameters 
,,,,,,,,
CuML ,https://github.com/rapidsai/cuml/issues/4370,[BUG] Unit tests intermittently failing with rmm::out_of_memory #4370,rmm::out_of_memory,memory issue ,out of memory issue ,error ,fix memory ,change memory sizes
,https://github.com/rapidsai/cuml/issues/4289,[BUG] raft:cuda_error when calling cuml.metrics.pairwide_distances #4289,program crashes while running pairwise_distances on a CSR matrix,memory issue ,memory allocation issue ,error ,fix memory ,Fix allocated memory 
,https://github.com/rapidsai/cuml/issues/4283,[BUG] cuml.model_selection.train_test_split not reproducible for input rows > 128 #4283,cuml.model_selection.train_test_split not reproducible for n_samples>128 for the same random_state,environmental issue  ,version issue ,crash ,change environment,change to next cupy version 
,https://github.com/rapidsai/cuml/issues/4282,[BUG] make_regression is not reproducible for the same random_state #4282,make_regression is not reproducible for the same random_state,environmental issue  ,version issue ,crash ,change environment,change to next cupy version 
,https://github.com/rapidsai/cuml/issues/4281,[BUG] cuml.metrics.regression gives wrong output when shape of y_true and y_pred are not same #4281,All the modules of cuml.metrics.regression give wrong output when inputs y_true and y_pred differ in shape,correctness issue ,API misuse issue ,wrong output ,alter the program ,Fix API parameters 
,https://github.com/rapidsai/cuml/issues/4257,[BUG] All the RF GPU kernels are getting executed in single stream #4257,handle.get_stream() returns same stream for all the threads causing all kernel executions to be launched and executed in single stream,synchronization/ concurrency issue ,synchronization/ concurrency issue ,bad performance ,alter the program ,Fix synchronization/concurrent barriers
,https://github.com/rapidsai/cuml/issues/4238,[BUG] cuml.model_selection.train_test_split is not deterministic even with random_state set #4238,cuml.model_selection.train_test_split is not deterministic even when random_state is set.,environmental issue  ,version issue ,crash ,change environment,change to next cupy version 
,https://github.com/rapidsai/cuml/issues/4199,[BUG] Linear regression on a view can cause segfaults depending on the offsets #4199,Linear regression on a view can cause segfaults depending on the offsets,memory issue ,memory allocation issue ,error ,fix memory ,Fix allocated memory 
,https://github.com/rapidsai/cuml/issues/4193,[BUG] Random forest is not compatible with dask-ml GridsearchCV #4193,RandomForestClassifier and RandomForestRegressor may not be currently compatible with dask-ML's GridSearchCV,correctness issue ,implementation issue ,error ,alter the program ,Refactor API logic implementation
,https://github.com/rapidsai/cuml/issues/4027,cuml.dask.decomposition.PCA: Fails with 'AttributeError:' #4027,AttributeError is raised by n_components,environmental issue  ,version issue ,crash ,change environment,update  version 
,https://github.com/rapidsai/cuml/issues/3965,[BUG] cuml multi GPU Ridge and Linear Regression fails with cudaErrorMisalignedAddress:misaligned address #3965,"cudaErrorMisalignedAddress:misaligned address error, when using multiple GPUs.",memory issue ,memory allocation issue ,error ,fix memory ,Fix allocated memory 
,https://github.com/rapidsai/cuml/issues/3938,[BUG] CUDA lineinfo and kernel info is not generated by current cmake build #3938,nable LINE_INFO option in the CMakeLists.txt file ,environmental issue  ,makefile issue ,error ,fix envrionment ,fixing the makefile 
,https://github.com/rapidsai/cuml/issues/3919,[BUG] cuml RF Regressor hangs indefinitely for n_bins that are not multiples of TPB #3919,all n_bins > 64 && n_bins % 64 != 0 cause kernel to deadlock.,synchronization/concurrency issue ,synchronization/concurrency issue ,crash ,alter the program ,Fix synchronization/concurrent barriers
,https://github.com/rapidsai/cuml/issues/3906,[BUG] Sporadic RFBatchedRegTests fail in CI #3906,,synchronization/concurrency issue ,synchronization/concurrency issue ,crash ,alter the program ,Fix synchronization/concurrent barriers
,https://github.com/rapidsai/cuml/issues/3857,[BUG] SparseRandomProjection cudaErrorInvalidValue:invalid argument #3857,Reason=cudaErrorInvalidValue:invalid argument,memory issue ,memory allocation issue ,error ,fix memory ,Fix allocated memory 
,https://github.com/rapidsai/cuml/issues/3832,[PERF] RF fit method spends a significant amount of time in transposing the input array #3832,spends a very large amount of time in transposing the input array ,memory issue ,memcopy issue ,bad performance ,fix memory ,change memory sizes
,https://github.com/rapidsai/cuml/issues/3816,[BUG] TSNE computation stuck at gradient updates #3816,TSNE computation is (seemingly) stuck at the gradient updates step with no progress,environmental issue  ,version issue ,crash ,change environment,update  version 
,https://github.com/rapidsai/cuml/issues/3801,[BUG] AgglomerativeClustering: Duplicate data samples cause incorrect cluster assignments #3801,unexpected clustering results from AgglomerativeClustering.,correctness issue ,API misuse issue ,wrong results ,alter the program ,Fix API parameters 
,https://github.com/rapidsai/cuml/issues/3796,[BUG] Unexpected scores from trustworthiness metric #3796,Unexpected results from cuml.metrics.trustworthiness.,correctness issue ,implementation issue ,wrong results ,alter the program ,Refactor API logic implementation
,https://github.com/rapidsai/cuml/issues/3772,[BUG] Unable to import CUML using nightly docker build container #3772,tf-nightly fails ,environmental issue  ,version issue ,crash ,change environment,update  version 
,https://github.com/rapidsai/cuml/issues/3764,[BUG] Random forest classification accuracy gap #3764,diagnosis for the random forest classification accuracy issue,correctness issue ,implementation issue ,wrong results ,alter the program ,Refactor API logic implementation
,https://github.com/rapidsai/cuml/issues/3750,[BUG] Import of cuML leads to strangeness #3750,leads to unintended host->device transfers,memory issue ,mem copy issue ,crash ,fix memory ,change memory sizes
,https://github.com/rapidsai/cuml/issues/3682,[BUG] RandomForestClassifier score failing due to output_class handling #3682,RandomForestClassifier.score is failing with an output class handling error.,correctness issue ,implementation issue ,error ,alter the program ,Refactor API logic implementation
,https://github.com/rapidsai/cuml/issues/3662,[BUG] Dask KNeighborsClassifier predict fails on dask array input #3662,cuml.dask.neighbors.KNeighborsClassifier fails while predicting on dask array input.,correcntess issue ,API misuse issue ,error ,alter the program ,Fix API parameters 
,https://github.com/rapidsai/cuml/issues/3645,[BUG] Logistic regression coefficients (for feature importance) significantly differ from Scikit-learn #3645,ongoing discrepancy of the resulting gene rankings between Scikit-learn and cuML,correctness issue ,implementation issue ,wrong results ,alter the program ,Refactor API logic implementation
,https://github.com/rapidsai/cuml/issues/3629,[BUG] FIL C++ test runs out of memory on 8 GB GPU #3629,,memory issue ,out of memory issue ,error message ,fix memory ,change memory sizes
,https://github.com/rapidsai/cuml/issues/3604,[BUG] GCC 7.5 fails to build cuML in a Docker container #3604,despite the documented support for GCC 7.x in cuML,environmental issue  ,Compile issue ,error ,fix envrionment ,Fix Makefiles and NVCC paths
,https://github.com/rapidsai/cuml/issues/3602,[BUG] Using latest libfaiss causes RAFT handle constructor to hang #3602,atest libfaiss package (1.7.0) causes the RAFT handle constructor to hang.,environmental issue  ,Compile issue ,error ,fix envrionment ,Fix Makefiles and NVCC paths
,https://github.com/rapidsai/cuml/issues/3597,[BUG] train_test_split with stratify=True not working #3597,cuml.preprocessing.model_selection.train_test_split not making stratified splits with stratify=True,environmental issue  ,version issue ,crash ,change environment,update  version 
,https://github.com/rapidsai/cuml/issues/3587,[BUG] Importing CuML 0.19 nightly makes PyTorch 1.8.0 freeze on tensor creation #3587,lots of architectures are affected,environmental issue  ,version issue ,crash ,change environment,update  version 
,https://github.com/rapidsai/cuml/issues/3541,[BUG] CUDA OOM in multiple Stress Test for v0.18 #3541,Stress test failures due to out of memory errors.,memory issue ,out of memory issue ,error ,fix memory ,change memory sizes
,https://github.com/rapidsai/cuml/issues/3406,[BUG] CUDA 11.2 libcuml++ C++ test failures EDIT: Updated with 11.2 update 2 #3406,"Build libcuml++ with CUDA 11.2, running in my 3080 workstation these are the tests that fail:",environmental issue  ,version issue ,crash ,change environment,update  version 
,https://github.com/rapidsai/cuml/issues/3399,[BUG] Running cuml.dask.decomposition.PCA Example leads NameError: name 'cuml' is not defined error #3399,cuml name error ,environmental issue  ,version issue ,error ,change environment,update  version 
,https://github.com/rapidsai/cuml/issues/3381,AttributeError: 'DataFrame' object has no attribute 'unique' #3381,build a Random Forest Classifier using cuml.dask.ensemble.RandomForestClassifier.,correctness issue ,API misuse issue ,error ,alter the program ,Fix API parameters 
,https://github.com/rapidsai/cuml/issues/3347,[BUG] Confusing behavior of predict() / predict_proba() of RF when output_class is specified #3347,behavior makes cuML RF highly inconsistent with sklearn RF,correctess issue ,implementation issue ,crash ,alter the program ,Refactor API logic implementation
,https://github.com/rapidsai/cuml/issues/3335,[BUG] cuML fails to build with GCC 7 #3335,,environmental issue  ,Compile issue ,error ,fix envrionment ,update versions  
,https://github.com/rapidsai/cuml/issues/3295,[BUG] CUDA OOM in PCA Stress Test #3295,,memory issue ,out of memory issue ,crash ,fix memory ,change memory sizes
,https://github.com/rapidsai/cuml/issues/3259,[BUG] RAPIDS 0.16 container appears to be missing cupy library. #3259,missing cupy version ,environmental issue  ,version issue ,error ,change environment,add support for version
,https://github.com/rapidsai/cuml/issues/3255,[BUG] Correct quadratic memory usage in silhouette_score and re-enable Python bindings #3255," unit tests don't touch anything that large, and I successfully tried values of n_features large enough to use the same total memory as the given reproducer. Experiments with the following values of n_samples had the results listed:",memory issue ,memory allocation issue ,error ,fix memory ,change memory sizes
,https://github.com/rapidsai/cuml/issues/3233,[BUG] SVC fitting 240MB of data causes 32GB V100 to go out of memory #3233,,memory issue ,out of memory issue ,error ,fix memory ,change memory sizes
,[BUG] Debug build results in compile error #3212,[BUG] Debug build results in compile error #3212,Building with the debug flag results in following compiler error,environmental issue  ,version issue ,error ,change environment,add support for version
,https://github.com/rapidsai/cuml/issues/3206,[BUG] PredictSparse16FilTest error #3206,,synchronization/concurrency issue ,synchronization/concurrency issue ,error ,alter the program ,Fix synchronization/concurrent barriers
,https://github.com/rapidsai/cuml/issues/3195,Anomalous behavior in NearestNeighbors #3195,differences between the cuml index values (I_cuml) as compared with the correct-looking sklearn index values (I_sk).,correctness issue ,implementation issue ,wrong results ,alter the program ,Refactor API logic implementation
,https://github.com/rapidsai/cuml/issues/3193,[BUG] SGD-cudaErrorMemoryAllocation out of memory-@500mb memory usage #3193,"memory is beyond the available memory,",memory issue ,out of memory issue ,error ,alter the program ,change memory sizes
,https://github.com/rapidsai/cuml/issues/3128,[BUG] 10x slowdown with cuML RF regression with new experimental backend #3128,,correctness issue ,implementation issue ,bad performance ,alter the program ,Refactor API logic implementation
,https://github.com/rapidsai/cuml/issues/2895,[BUG] Bootstrapping causes accuracy drop in cuML RF #2895,the bootstrapping option causes cuML RF to do worse than sklearn,environmental issue  ,version issue ,bad performance ,change environment,update latest version
,,,,,,,,
cugraph ,https://github.com/rapidsai/cugraph/issues/1905,[BUG] CUDA error when running Louvain #1905, CUDA illegal memory access error,memory issue ,illegal memory access issue ,error ,fix memory ,change the memory sizes 
,https://github.com/rapidsai/cugraph/issues/1671,[BUG] PageRank Hangs and Errors #1671,few hangs and errors for certain scale and combination of GPUs both occurring at renumbering,environment issues,incorrect versions ,crash,change  environment ,update versions 
,https://github.com/rapidsai/cugraph/issues/1635,[BUG] Managed memory hangs #1635,GPU memory usage doesn't get above 800MB,memory issue ,memory allocation issue ,bad performance ,change memory ,change memory sizes
,https://github.com/rapidsai/cugraph/issues/1618,[BUG] WSL 2 #1618,not support for running RAPIDS algorithms over windows WSL 2,environment issues,version issue ,crash,change  environment ,update versions 
,https://github.com/rapidsai/cugraph/issues/1501,[BUG] Rapids Docker container 0.18 refresh causes 'import cugraph' to return: cannot import name 'stringify_path' from 'dask.bytes.core'. #1501,import cugraph,environment issues,version issue ,crash,change  environment ,update versions 
,https://github.com/rapidsai/cugraph/issues/1410,[BUG] traveling_salesperson route returned does not include all vertices #1410,traveling_salesperson returns a route and a cost,correctness issue ,implmentation issue ,wrong output ,alter the program ,Refactor API logic implementation
,https://github.com/rapidsai/cugraph/issues/1357,[BUG] Python Kernel dies during cugraph.sssp() #1357,encountered a memory spike during usage of SSSP and unexpected death of the python kernel.,memory issue ,memory allocation issue ,bad performance ,fix memory ,Fix allocated memory 
,https://github.com/rapidsai/cugraph/issues/1315,[BUG] DiGraph.nodes() returns inconsistent values when instantiated from adjacency lists #1315,get an empty result for cugraph.DiGraph.nodes,correctness issue ,api misuse issue ,wrong results ,alter the program ,Fix API parameters 
,https://github.com/rapidsai/cugraph/issues/1255,[BUG] HITS analysis crashes #1255,,correctness issue ,api misuse issue ,wrong results ,alter the program ,Fix API parameters 
,https://github.com/rapidsai/cugraph/issues/1191,[BUG] Remove deprecated from_gpu_matrix from Force Atlas 2 wrapper #1191,cudf.DataFrame.from_gpu_matrix is deprecated,memory issue ,memory copy issue,error ,fix memory ,change the memory sizes 
,https://github.com/rapidsai/cugraph/issues/1080,[BUG] reset_index call needed on data frame sub-selection prior to cugraph.Graph.from_cudf_edgelist call #1080,,environment issues,incorrect versions ,wrong results ,change  environment ,update versions 
,https://github.com/rapidsai/cugraph/issues/1064,[BUG] CUDA 11 builds fail due to cugunrock and unsupported GPU architecture #1064,nvcc fatal : Unsupported gpu architecture 'compute_30',environment issues,Compiler Issue ,error ,change  environment ,update makefiles or add support  
,https://github.com/rapidsai/cugraph/issues/949,[BUG] module 'cugraph' has no attribute 'device_of_gpu_pointer' #949,,environment issues,incorrect versions ,error ,change  environment ,update versions 
,https://github.com/rapidsai/cugraph/issues/857,[BUG] BC crashes / CUDA error 700: an illegal memory access was encountered #857,Executing Betweenness centrality on a medium sized graph leads to crash of the jupyter kernel.,environment issues,incorrect versions ,crash,change  environment ,update versions 
,https://github.com/rapidsai/cugraph/issues/744,[BUG] ECG 0.12 CUDA error iinvalid value #744,cannot execute ECG example,memory issue ,out of memory issue ,error ,fix memory ,change memory sizes
,,,,,,,,
dali ,https://github.com/NVIDIA/DALI/issues/3277,Gaussian Blur for grayscale images leads to stuck on GPU #3277,erform gaussian blur for grayscale images (channels = 1) and faced a problem that in this case pipeline is stuck,correctness issue ,api misuse issue ,program stuck/crash  ,alter the program ,Fix API parameters 
,https://github.com/NVIDIA/DALI/issues/3237,Tensorflow DALI plugin: Unimplemented error #3237,,environment issues,version issue ,error ,change  environment ,update versions 
,https://github.com/NVIDIA/DALI/issues/3229,RuntimeError - Dali + Pytorch Lightning + DDP #3229,,environment issues,version issue ,error ,change  environment ,update versions 
,https://github.com/NVIDIA/DALI/issues/2921,A nvml internal driver error occured (on WSL2) #2921,,environment issues,driver issue ,error ,change  environment ,update drivers 
,https://github.com/NVIDIA/DALI/issues/2912,Segmentation Fault when using Optical Flow with large Batch size #2912,,environment issues,driver issue ,error ,change  environment ,update drivers 
,https://github.com/NVIDIA/DALI/issues/2877,Numpy slicing causes Buffer that shares data cannot have size different than total underlying allocation #2877,,correctness issue ,api misuse issue ,error ,alter the program ,Fix API parameters 
,https://github.com/NVIDIA/DALI/issues/2874,Integrating tfrecords pipeline with pytorch#2874,,environment issues,incorrect versions ,error ,change  environment ,update versions 
,https://github.com/NVIDIA/DALI/issues/2869,"Image artifacts on 6 channel resize/random_resized_crop operations, only on gpu #2869","After concatenation follows either a resize operation for my validation pipeline, or a random_resized_crop for my train pipeline.",correctness issue ,implmentation issue ,wrong output ,alter the program ,Refactor API logic implementation
,https://github.com/NVIDIA/DALI/issues/2842,Illegal memory access error during JP2 images decoding #2842,dali::CUDAError'   what(): CUDA runtime API error cudaErrorIllegalAddress (700),memory issue ,memory allocation issue ,error ,fix memory ,change the memory sizes 
,https://github.com/NVIDIA/DALI/issues/2616,Returned error 7 when executing GPU operator OpticalFlow#2616,Current pipeline object is no longer valid.,environment issues,incorrect versions ,error ,change  environment ,update versions 
,https://github.com/NVIDIA/DALI/issues/2588,Core dumped while processing ops.Rotate() of 40000 * 40000 large scale medical images #2588, CUDAError while trying to rotate images with 40000 * 40000 * 3 dimension in DALI pipeline,memory issue ,memory allocation issue ,error ,fix memory ,change the memory sizes 
,https://github.com/NVIDIA/DALI/issues/2475,one normal image cause Segmentation fault (core dumped) #2475, Segmentation fault),environment issues,incorrect drivers ,error ,change  environment ,update drivers 
,https://github.com/NVIDIA/DALI/issues/2280,Segmentation fault while JPEG Decoding #2280, Segmentation fault),environment issues,incorrect drivers ,error ,change  environment ,update drivers 
,https://github.com/NVIDIA/DALI/issues/2259,"Assert on ""in_layout.ndim() == input.shape().sample_dim()"" failed #2259",,correctness issue ,api misuse  issue ,error ,alter the program ,Fix API parameters 
,https://github.com/NVIDIA/DALI/issues/2197,[Question] Video reader: compatible chroma sampling #2197,,environment issues,incorrect versions ,error ,change  environment ,update versions 
,https://github.com/NVIDIA/DALI/issues/2179,Error installing nvidia-dali-tf-plugin-cuda100 #2179, gcc compiler errors when invoking: pip install --extra-index-url,environment issues,incorrect versions ,error ,change  environment ,update versions 
,https://github.com/NVIDIA/DALI/issues/2116,"Error:Assert on ""ImageLayoutInfo::IsImage(input_layout_)"" failed: Unsupported layout: '' for input 0 '__GaussianBlur_2' #2116",Error when executing CPU operator CropMirrorNormalize encountered:,correctness issue ,implmentation issue ,wrong output ,alter the program ,Refactor API logic implementation
,https://github.com/NVIDIA/DALI/issues/2026,segfault with nvjpeg decoding #2026,"CPU"" operation works well",environment issues,incorrect drivers ,error ,change  environment ,update drivers 
,https://github.com/NVIDIA/DALI/issues/1795,"why ops.ImageDecoder use ""cpu"" mode error ? #1795",Current pipeline object is no longer valid.,correctness issue ,implmentation issue ,wrong output ,alter the program ,Refactor API logic implementation
,https://github.com/NVIDIA/DALI/issues/1762,Epoch data not aligned when stick_to_shard=True #1762,,environment issues,incorrect versions ,error ,change  environment ,update versions 
,https://github.com/NVIDIA/DALI/issues/1736,Different behavior from cpu and gpu backends for operator BbFlip() #1736,,synchronization/concurrency issue ,synchronization/concurrency issue ,wrong results ,alter the program ,Fix synchronization/concurrent barriers
,,,,,,,,
cusignal,https://github.com/rapidsai/cusignal/issues/424,[BUG] The example of continous wavelet transformation (CWT) does not work on my laptop #424,"example of CWT with ricker wavelet, but some error ",correctness issue ,implementation issue ,error ,alter the program ,Refactor API logic implementation
,https://github.com/rapidsai/cusignal/issues/421,[BUG] Jetson Nano Installation #421, CuPy installation fails,environment issues,version issue ,error ,change  environment ,update versions 
,https://github.com/rapidsai/cusignal/issues/399,[BUG] firwin function argument ignored #399,"The function firwin appears to be missing a call to _get_fs(fs, nyq) near the top",correctness issue ,implementation issue ,error ,alter the program ,Refactor API logic implementation
,https://github.com/rapidsai/cusignal/issues/396,Imaginary Part Of ambgfun Removed #396,When y_norm_pad is created the imaginary part of the complex signal ynorm is stripped,correctness issue ,implementation issue ,error ,alter the program ,Refactor API logic implementation
,https://github.com/rapidsai/cusignal/issues/295,[BUG] Resample Poly fails for n-dim arrays > 1 and upsample > 8 #295,"when the up is lower than 8, the function works well.",memory issue ,memory allocation issue ,error ,fix the memory ,Fix allocated memory 
,https://github.com/rapidsai/cusignal/issues/238,[BUG] Peak finding doesn't support mode parameter #238,The cusignal peak_finding.py file notes that cuSignal does not support cupy.take(mode='foo').,correctness issue ,implementation issue ,error ,alter the program ,Refactor API logic implementation
,https://github.com/rapidsai/cusignal/issues/220,[BUG] Synchronization issue with cusignal testing #220,kaiser_beta test requires synchronization in order to get desired benchmark results and metrics.,synchronization/concurrency issue ,synchronization/concurrency issue ,bad performance ,alter the program ,Fix synchronization/concurrent barriers
,https://github.com/rapidsai/cusignal/issues/184,[BUG] Add Device to CuPy cuFFT calls #184,changed the API in CuPy v8. That is breaking,environment issues,incorrect versions ,error ,change  environment ,update versions 
,https://github.com/rapidsai/cusignal/issues/178,[BUG] Value Error using cupy with MappedNDArray #178,error when I try to copy a cupy array to a shared memory array in cuSignal,correctness issue ,api misuse issue ,error ,alter the program ,Fix API parameters 
,https://github.com/rapidsai/cusignal/issues/125,[BUG] Doc formatting broken in 0.14 Stable #125,Weird String Object (e.g. cp_stream=<cupy.cuda.stream.Stream object at 0x7f88f1039090>),synchronization/concurrency issue ,synchronization/concurrency issue ,bad performance ,alter the program ,Fix synchronization/concurrent barriers
,https://github.com/rapidsai/cusignal/issues/123,[BUG] Not utilizing streams in functions with raw kernels #123,cause poor/invalid performance for anyone using non-default streams.,synchronization/concurrency issue ,synchronization/concurrency issue ,bad performance ,alter the program ,Fix synchronization/concurrent barriers
,https://github.com/rapidsai/cusignal/issues/115,[BUG] Fix stream usage for all functions #115,use of stream.use,synchronization/concurrency issue ,synchronization/concurrency issue ,bad performance ,alter the program ,Fix synchronization/concurrent barriers
,https://github.com/rapidsai/cusignal/issues/90,[BUG] cuSignal lfilter performance not satisfactory for real-time signal processing tasks #90,performance degradation of single-threaded on GPU linear filtering,memory issue ,memcopy issue ,bad performance ,fix memory ,Fix allocated memory 
,,,,,,,,
cuspatial ,https://github.com/rapidsai/cuspatial/issues/425,[BUG] Cannot install cuspatial 21.06.00 due to rmm version string #425,conflicts preventing cuspatial to be installed with cuml,environment issue ,compile issue ,error ,change enviornment ,Fix Makefiles and NVCC paths
,https://github.com/rapidsai/cuspatial/issues/393,[BUG] Hausdorff fails with OOM for > intmax num inputs #393,Hausdorff fails for large number of inputs,memory issue ,out of memory issue ,error ,fix memory ,change memory sizes
,https://github.com/rapidsai/cuspatial/issues/318,[BUG] Returned values from quadtree_on_point vary between runs #318,bad memory access.,memory issue ,memory allocation issue ,error ,fix memory ,change memory sizes
,https://github.com/rapidsai/cuspatial/issues/317,[BUG] Haversine distance doesn't return proper distances #317,unclear whether the distance returned is in mls or kms,correctness issue ,api misuse issue ,wrong results ,alter the program ,Fix API parameters 
,https://github.com/rapidsai/cuspatial/issues/316,[BUG] The directed_hausdorff_distance returns wrong values #316,directed_hausdorff_distance returns wrong values,correctness issue ,implementation issue ,wrong results ,alter the program ,Refactor API logic implementation
,https://github.com/rapidsai/cuspatial/issues/302,[BUG] indexing.quadtree_on_points causes memory access error #302,indexing.quadtree_on_points function,memory issue ,memory allocation issue ,error ,fix memory ,change memory sizes
,,,,,,,,
cutlass,https://github.com/NVIDIA/cutlass/issues/380,"cutlass kernel uses too many shared memories, resulted in low SM occupancy and SM SOL% #380",GEMM performance doesn't meet the expectations.,memory issue ,memory allocation issue ,bad performance ,fix memory ,change memory sizes
,https://github.com/NVIDIA/cutlass/issues/359,usage of threadfence in conv #359,"should there be a __threadfence() after semaphore.wait(), thanks.",memory issue ,memory allocation issue ,bad performance ,fix memory ,change memory sizes
,https://github.com/NVIDIA/cutlass/issues/339,Error in Build of CUTLASS Unit Tests #339,,environmental issue ,environmental variable issue ,error ,change environment ,fix the envrionmental variable 
,https://github.com/NVIDIA/cutlass/issues/335,Tensor Core GEMM and CUDA core kernels #335,that with A100 GPU I can not run CUDA kernels in other stream parallely with Tensor Core GEMM but with V100 sometimes it will happen,synchronization/concurrency issue ,synchronization/concurrency issue ,performance issue ,alter the program ,Fix synchronization/concurrent barriers
,https://github.com/NVIDIA/cutlass/issues/334,GEMM with Limited resources #334,,synchronization/concurrency issue ,synchronization/concurrency issue ,performance issue ,alter the program ,Fix synchronization/concurrent barriers
,https://github.com/NVIDIA/cutlass/issues/319,"Cutlass compile fail with message ""relocation truncated to fit..."" #319",,environmental issue ,compile issue ,error ,change environment ,fix the makefile commands 
,https://github.com/NVIDIA/cutlass/issues/165,Fast elementwise reduction for Multiple Matrices in CUTLASS #165,current implementation is slow by calling a separate CUDA kernel.,memory issue ,memory allocation issue ,bad performance ,fix memory ,change memory sizes
,https://github.com/NVIDIA/cutlass/issues/161,Unable to use nv-nsight-cu-cli on cutlass_profiler #161,,environmental issue ,driver issue ,error ,change environment ,upgrade drivers
,https://github.com/NVIDIA/cutlass/issues/154,slower than cudnn #154,performance bug in the epilogue.,memory issue ,memory allocation issue ,performance issue ,fix memory ,Fix allocated memory 
,https://github.com/NVIDIA/cutlass/issues/97,CMake error when building cutlass_profiler in 2.2 (but not 2.1) #97,fails with 2.2,environmental issue ,compile issue ,error ,change environment ,correct makefile
,,,,,,,,
Thrust,https://github.com/NVIDIA/thrust/issues/1544,find_package(Thrust CONFIG QUIET) => CUB_DIR-NOTFOUND #1544,"cuda/thrust version 11.4.cmake configure actually succeeds in detecting Thurst, but fails on CUB",environmental issue ,compile issue ,error ,change environment ,correct makefile
,https://github.com/NVIDIA/thrust/issues/1470,Uninitialized fields in the default constructed counting_iterator #147,Default-constructed thrust::counting_iterator has uninitialized fields.,correctness issue ,implementation issue ,wrong output ,alter the program ,Refactor API logic implementation
,https://github.com/NVIDIA/thrust/issues/1458,thrust::system::cuda::detail::deallocation_fn type mismatch with cudaFree #1458,cudaFree type is enum cudaError (__stdcall*)(void *) but deallocation_fn type is enum cudaError (__cdecl*)(void *),correctness issue ,implementation issue ,error,alter the program ,Refactor API logic implementation
,https://github.com/NVIDIA/thrust/issues/1446,out-of-bounds #1446,result in OOB access,memory issue ,out of memory issue ,error ,fix memory ,change memory sizes
,https://github.com/NVIDIA/thrust/issues/1400,"Uninitialized __global__ memory in thrust::sort (cub::RadixSort) - incorrect results/segfaults in thrust::sort, thrust::remove_if, etc. #1400","weird errors in thrust functions sort_by_key, sort and remove_if",environmental issue ,version issue ,error ,change environment ,update versions 
,https://github.com/NVIDIA/thrust/issues/1332,Inclusive scan doesn't compile with CUDA 11.2 #1332,fails to compile against the Thrust included with CUDA 11.2:,environmental issue ,version issue ,error ,change environment ,update versions 
,https://github.com/NVIDIA/thrust/issues/1275,CPU->GPU copy of a default-initialized vector [windows/vs2019] #1275,copy issue ,memory issue ,memory copy issue ,error,fix memory ,Fix allocated memory
,https://github.com/NVIDIA/thrust/issues/928,NVBug 2341455: reduce fails to compile with complex in CUDA 9.2 #928,compilation line: nvcc test.cu -std=c++14 -arch=sm_61 --device-c,environmental issue ,version issue ,error ,change environment ,update versions 
,https://github.com/NVIDIA/thrust/issues/922,"NVBug 2224607, StackOverflow - Seg fault when dereferencing references to device data when invoking generic sequential fallback algorithms with stream execution policies #922","binary_search, upper_bound and lower_bound) leads to a seg fault with CUDA 9.0 ",synchronization/concurrency issue ,synchronization/concurrency issue ,error ,alter the program ,Fix synchronization/concurrent barriers
,https://github.com/NVIDIA/thrust/issues/921,"NVBug 2173437, StackOverflow - The new CUB backend is lacking an implementation of binary search algorithms #921", segmentation fault when set CUDA stream to thrust::binary_search,synchronization/concurrency issue ,synchronization/concurrency issue ,error ,alter the program ,Fix synchronization/concurrent barriers
,,,,,,,,
CUB,https://github.com/NVIDIA/cub/issues/377,cub::TransformInputIterator should not define operator->() #377,,correctness issue ,implmentation issue ,error ,alter the program ,Refactor API logic implementation
,https://github.com/NVIDIA/cub/issues/314,nvcc example_device_sort_find_non_trivial_runs.cu -G runtime error #314,,memory issue ,out of memory issue ,error ,fix memory ,change memory sizes
,https://github.com/NVIDIA/cub/issues/285,cub::DeviceSpmv needs attention #285,,environmental issue ,version issue ,error ,change environment ,update versions 
,https://github.com/NVIDIA/cub/issues/280,SPMV Invalid Configuration Argument #280,incorrect kernel launch bounds.,memory issue ,memory allocation issue ,error ,fix memory ,Fix allocated memory 
,https://github.com/NVIDIA/cub/issues/264,Potential Bug in the Down function of cub/cub/block/block_shuffle.cuh #264,The Down function looks like a copy of the Up function,correctness issue ,api misuse issue ,error ,alter the program ,Fix API parameters 
,https://github.com/NVIDIA/cub/issues/228,CUB uses non-standard C++ extensions that break strict compilers #228,"Nvidia teams regularly use CUB with NVRTC, a compiler with a very strict interpretation of C++",environmental issue ,nvcc compiler issue,error ,change environment ,fix nvcc 
,https://github.com/NVIDIA/cub/issues/221,NVBug: 3075796 [PyTorch] temp_storage_bytes overflows in InclusiveScan for size_cub value close to int32 max #221,temp_storage_bytes overflows for a size_cub,memory issue ,out of memory issue ,error ,fix memory ,change memory sizes
,https://github.com/NVIDIA/cub/issues/162,cudaBindTexture returns cudaErrorInvalidValue if a memory block from a pool allocator is passed. #162,the allocated memory block is a sub-region of the much larger block in the pool allocator,memory issue ,out of memory issue ,error ,fix memory ,change memory sizes
,https://github.com/NVIDIA/cub/issues/139,SpMV out-of-bounds accesses #139,here is also write OOB in the fixup kernel,memory issue ,out of memory issue ,error ,fix memory ,change memory sizes
,,,,,,,,
AMGX,https://github.com/NVIDIA/AMGX/issues/156,AmgX issue (commit 6dba8067) with Cuda 11.4 ? #156,AmgX fine with Cuda 11.2 but a quick try on a more recent version (11.4) got the error message,environmental issue ,version issue ,error ,change environment ,update versions 
,https://github.com/NVIDIA/AMGX/issues/149,Using MPI_DIRECT communicator #149,MPI_DIRECT option to take advantage of the MPI Cuda,correctness issue ,api misuse issue ,error ,alter the program ,Fix API parameters 
,https://github.com/NVIDIA/AMGX/issues/126,AMGX_solver_get_iterations_number reports 1 iteration higher than terminal output #126,AMGX_solver_get_iterations_number() method reports 1 iteration more than what is reported on the terminal,correctness issue ,implmentation issue ,error ,fix implmentation ,Refactor API logic implementation
,https://github.com/NVIDIA/AMGX/issues/110,AMGX_matrix_upload_all_global fails with 'out of memory' error #110,Thrust failure: parallel_for failed: out of memory,memory issue ,out of memory issue ,error ,fix memory ,change memory sizes
,https://github.com/NVIDIA/AMGX/issues/108,An uninitialized value/variable is used in if condition #108,error regarding using uninitialized values ,correctness issue ,api misuse issue ,error ,alter the program ,Fix API parameters 
,https://github.com/NVIDIA/AMGX/issues/107,CUDA 11 support #107,,environmental issue ,version issue ,error ,change environment ,update versions 
,https://github.com/NVIDIA/AMGX/issues/106,No CUDA-capable device is detected. #106,no CUDA-capable device is detected.,memory issue ,memory allocation issue ,error ,fix memory ,Fix allocated memory 
,https://github.com/NVIDIA/AMGX/issues/105,"GPU memory cost issue related to ""CLASSICAL"" and ""AGGREGATION"" #105",aggregation method consumes relative less gpu memory but with poor convergency.,memory issue ,memory allocation issue ,bad performance,fix memory ,Fix allocated memory 
,https://github.com/NVIDIA/AMGX/issues/87,"Build error with windows and cuda v10.2.89, not found nvtx #87",,environmental issue ,compile  issue ,error ,change environment ,update cmake 
,,,,,,,,
libcudacxx,https://github.com/NVIDIA/libcudacxx/issues/184,Update semantics of cuda::atomic::fetch_min/max to RMW following P0493 #184,subtle API inconsistency,correctness issue ,implmentation issue ,error ,alter the program ,Refactor API logic implementation
,https://github.com/NVIDIA/libcudacxx/issues/174,Do we have specific hardware requirements to build the library? #174,,environmental issue ,compile issue ,error ,change environment ,updating version
,https://github.com/NVIDIA/libcudacxx/issues/153,Support half/bf16 For Complex #153,no specializations for __half or __nv_bfloat16 types,correctness issue ,implmentation issue ,error ,alter the program ,Refactor API logic implementation
,https://github.com/NVIDIA/libcudacxx/issues/151,Alignment requirements of cuda::std::complex #151,,correctness issue ,implmentation issue ,error ,alter the program ,Refactor API logic implementation
,https://github.com/NVIDIA/libcudacxx/issues/135,cuda::pipeline does not use L1 bypass #135,,synchronization/concurrency issue ,synchronization/concurrency issue ,error ,alter the program ,Fix synchronization/concurrent barriers
,https://github.com/NVIDIA/libcudacxx/issues/126,Compiler warnings when including cuda/atomic with CUDA 11.2 #126,,environmental issue ,compile issue ,error ,change environment ,updating version
,,,,,,,,
CUDA.jl,https://github.com/JuliaGPU/CUDA.jl/issues/1296,CUSPARSE Error when solving a linear system #1296,get the error CUSPARSE_STATUS_ZERO_PIVOT,correctness issue ,api misuse issue ,error ,alter the program ,Fix API parameters 
,https://github.com/JuliaGPU/CUDA.jl/issues/1283,nvprof with using CUDA crashes julia #1283,,synchronization/concurrency issue ,synchronization/concurrency issue ,error ,alter the program ,Fix synchronization/concurrent barriers
,https://github.com/JuliaGPU/CUDA.jl/issues/1281,Shared memory does not support isbits unions. #1281,he size of an isbits-union array is larger than the size of only its elements,memory issue ,memory allocation issue ,error ,fix memory,Fix allocated memory 
,https://github.com/JuliaGPU/CUDA.jl/issues/1270,sort returns nothing #1270,sort returns nothing.,correctness issue ,implmentation issue ,error ,alter the program ,Refactor API logic implementation
,https://github.com/JuliaGPU/CUDA.jl/issues/1268,Inplace Complex FFT and Threads #1268,Computing an inplace FFT of a complex vector when using Threads gives a wrong result.,synchronization/concurrency issue ,synchronization/concurrency issue ,wrong results,alter the program ,Fix synchronization/concurrent barriers
,https://github.com/JuliaGPU/CUDA.jl/issues/1227,accumulate gives wrong answer when init != 0 #1227,ccumulate on a CuArray leads to a wrong answer when init is different from zero. For small arrays (< 513 elements on my GPU) results are correct.,correctness issue ,implmentation issue ,error ,alter the program ,Refactor API logic implementation
,https://github.com/JuliaGPU/CUDA.jl/issues/1216,CUDA.jl tries to load CUDA compat loaded via jll even though system package is installed #1216,,environmental issue ,version issue ,error ,change environment ,update versions 
,https://github.com/JuliaGPU/CUDA.jl/issues/1205,Kernel compilation fails when specifying shared memory array size as a tuple consisting of block dimension and kernel argument #1205,"pecify the dimension of a shared memory array as a tuple of block dimension and a kernel argument, the compilation fail",memory issue ,memory allocation issue ,error ,fix memory,Fix allocated memory 
,https://github.com/JuliaGPU/CUDA.jl/issues/1202,deepcopy failing #1202,"deepcopy should work with struct relying on CuArray in the same way as with Array, i.e. altering nn above should not alter nnc",correctness issue ,implmentation issue ,error ,alter the program ,Refactor API logic implementation
,https://github.com/JuliaGPU/CUDA.jl/issues/1175,Switching devices doesn't switch the REPL's output task #1175,allocate a CuArray on one device it works fine. if i then switch devices and allocate another CuArray it emits,memory issue ,memory copy issue,error ,fix memory,fix memory copy apis
,https://github.com/JuliaGPU/CUDA.jl/issues/1169,sum! does not compile for large arrays #1169,Calling sum! on large arrays produces a GPU compiler errors,memory issue ,memory allocation issue ,error ,fix memory,Fix allocated memory 
,https://github.com/JuliaGPU/CUDA.jl/issues/1141,Error mapreducing over a 0 dimensional array #1141,,correctness issue ,implmentation issue ,error ,alter the program ,Refactor API logic implementation
,https://github.com/JuliaGPU/CUDA.jl/issues/1138,missing rand methods #1138,,correctness issue ,implmentation issue ,error ,alter the program ,Refactor API logic implementation
,https://github.com/JuliaGPU/CUDA.jl/issues/1125,Allow invalid GPU pointers not allowed in unsafe_wrap #1125,RROR: Could not identify the buffer type; are you passing a valid CUDA pointer to unsafe_wrap?,memory issue ,memory allocation issue ,error ,fix memory,Fix allocated memory 
,https://github.com/JuliaGPU/CUDA.jl/issues/1107,CUDA error: invalid argument during Zygote/Flux gradient computation #1107,"error only occurs when computing a gradient on the GPU, a run on the CPU terminates succesfully",environmental issue ,version issue ,error ,change environment ,update versions 
,https://github.com/JuliaGPU/CUDA.jl/issues/1095,cusparse: sparse matrix - matrix multiplication broken with transpose operation #1095,The sparse matrix - matrix multiplication (mm_wrapper) is broken on CUDA.jl 3.3.5 when we take the transpose of the sparse matrix.,correctness issue ,implmentation issue ,error ,alter the program ,Refactor API logic implementation
,https://github.com/JuliaGPU/CUDA.jl/issues/1094,Kernel fails if input is struct with function #1094,Trying to run a kernel with a struct as an input does not work if struct contains a function(mutable vs ordinary),correctness issue ,api misuse issue ,error ,alter the program ,Fix API parameters 
,https://github.com/JuliaGPU/CUDA.jl/issues/1085,Illegal memory access during complex exponential with large imaginary part as exponent #1085,get an illegal memory access error.,memory issue ,memory allocation issue ,error ,fix memory,Fix allocated memory 
,https://github.com/JuliaGPU/CUDA.jl/issues/1067,Timing discrepancy between CUDA.@time and Benchmarktools for Flux model #1067,,correctness issue ,implmentation issue ,bad performance,alter the program ,Refactor API logic implementation
,https://github.com/JuliaGPU/CUDA.jl/issues/1044,Broadcasted type conversion on literal value doesn't work #1044,Broadcasting a type conversion of a literal value in an expression (e.g. with @.) works on cpu but throws an error with CUDA.,correctness issue ,implmentation issue ,error ,alter the program ,Refactor API logic implementation
,https://github.com/JuliaGPU/CUDA.jl/issues/1040,rem uses wrong intrinsic #1040,"rem(x, y) is currently mapped to __nv_remainder, but it should be mapped to __nv_fmod.",correctness issue ,implmentation issue ,error ,alter the program ,Refactor API logic implementation
,https://github.com/JuliaGPU/CUDA.jl/issues/1025,"Both ExprTools and LLVM export ""parameters""; uses of it in module CUDA must be qualified #1025",,environmental issue ,version issue ,error ,change environment ,update versions 
,https://github.com/JuliaGPU/CUDA.jl/issues/1019,Unexpected result in combination with Zygote.gradient() #1019,"Taking the gradient of an indexed CuArray, where the index repeats itself, gives incorrect results.",synchronization/concurrency issue ,synchronization/concurrency issue ,wrong results,alter the program ,Fix synchronization/concurrent barriers
,https://github.com/JuliaGPU/CUDA.jl/issues/978,Calls to has_cudnn running on wrong CuDevice? #978,OOMs,memory issue ,out of memory issue ,error ,fix memory,change memory sizes
,https://github.com/JuliaGPU/CUDA.jl/issues/969,Bad conversion from QR to CuArray #969, final size of the matrix will be NxN instead of NxD,correctness issue ,api misuse issue ,wrong results ,alter the program ,Fix API parameters 
,https://github.com/JuliaGPU/CUDA.jl/issues/955,Quicksort kernel does not cope with reduced threads #955,fails when restricting quicksort_kernel to 256 threads,synchronization/concurrency issue ,synchronization/concurrency issue ,program fails ,alter the program ,Fix synchronization/concurrent barriers
,https://github.com/JuliaGPU/CUDA.jl/issues/929,Race condition when computing mean! of large arrays? #929,"When calling mean! on a large array, it seems to return early as some entries of the result are still storing the sum while others are still zero. I expected it to return an array full of ones",synchronization/concurrency issue ,synchronization/concurrency issue ,program fails ,alter the program ,Fix synchronization/concurrent barriers
,https://github.com/JuliaGPU/CUDA.jl/issues/926,CUDA FFT plan application runs Out of Memory in Pluto #926,running out of memory with application of FFT plans inside Pluto,memory issue ,out of memory issue ,error ,fix memory,change memory sizes
,https://github.com/JuliaGPU/CUDA.jl/issues/919,Error when computing reductions into a view with reduce_blocks > 1 #919,,memory issue ,memory allocation issue  ,error ,fix memory,Fix allocated memory 
,https://github.com/JuliaGPU/CUDA.jl/issues/899,CUDA.jl v3.2 seems to download wrong version of CUDNN and CUTENSOR #899,CUDA.jl v3.2 seems to download wrong version of CUDNN and CUTENSOR.,environmental issue ,version issue ,error ,change environment ,update versions 
,https://github.com/JuliaGPU/CUDA.jl/issues/894,Memory leaks with repeated use of fft of a CUDA Array#894,,memory issue ,memory allocation issue  ,error ,fix memory,Fix allocated memory 
,https://github.com/JuliaGPU/CUDA.jl/issues/558,Illegal memory access with atomic shared memory #558,,memory issue ,memory allocation issue  ,error ,fix memory,Fix allocated memory 
